Workbook

Sheet Tuition Averages
A3: Country | B3: Average Tuition per Country
A4: Australia | B4: 56534.5
A5: Canada | B5: 50774.75
A6: China | B6: 13475.6
A7: Denmark | B7: 47200
A8: France | B8: 39011.2
A9: Germany | B9: 16257.02
A10: Israel | B10: 20375
A11: Japan | B11: 14631.75
A12: Netherlands | B12: 235015
A13: Norway | B13: 70
A14: Singapore | B14: 38250
A15: South Korea | B15: 48000
... A21: Total | B21: 94900.001

Sheet CollegeRanking
A1: World Rank | B1: Institution | C1: Country | D1: State | E1: Tuition | F1: Acceptance Rate | G1: Class | H1: Country Rank | I1: Education Rank | J1: Employability Rank | K1: Faculty Rank | L1: Research Rank | M1: Score
A2: 1 | B2: Harvard University | C2: USA | D2: Massachusetts | E2: 334152 | F2: 0.04 | G2: Private | H2: 1 | I2: 1 | J2: 1 | K2: 1 | L2: 1 | M2: 100
A3: 2 | B3: Massachusetts Institute of Technology | C3: USA | D3: Massachusetts | E3: 240624 | F3: 0.041 | G3: Private | H3: 2 | I3: 4 | J3: 12 | K3: 2 | L3: 7 | M3: 96.7
A4: 3 | B4: Stanford University | C4: USA | D4: California | E4: 328648 | F4: 0.05 | G4: Private | H4: 3 | I4: 11 | J4: 4 | K4: 3 | L4: 2 | M4: 95.1
A5: 4 | B5: University of Cambridge | C5: United Kingdom | D5: England | E5: 71364 | F5: 0.21 | G5: Public | H5: 1 | I5: 3 | J5: 25 | K5: 4 | L5: 10 | M5: 94.1
A6: 5 | B6: University of Oxford | C6: United Kingdom | D6: England | E6: 131200 | F6: 0.175 | G6: Public | H6: 2 | I6: 7 | J6: 27 | K6: 9 | L6: 4 | M6: 93.3
A7: 6 | B7: Princeton University | C7: USA | D7: New Jersey | E7: 238410 | F7: 0.044 | G7: Private | H7: 4 | I7: 5 | J7: 15 | K7: 6 | L7: 79 | M7: 92.6
A8: 7 | B8: University of Chicago | C8: USA | D8: Illinois | E8: 257040 | F8: 0.065 | G8: Private | H8: 5 | I8: 8 | J8: 16 | K8: 21 | L8: 22 | M8: 92
A9: 8 | B9: Columbia University | C9: USA | D9: New York | E9: 278754 | F9: 0.17 | G9: Private | H9: 6 | I9: 12 | J9: 14 | K9: 10 | L9: 14 | M9: 91.5
A10: 9 | B10: University of Pennsylvania | C10: USA | D10: Pennsylvania | E10: 58620 | F10: 0.059 | G10: Private | H10: 7 | I10: 14 | J10: 8 | K10: 41 | L10: 11 | M10: 91.1
A11: 10 | B11: California Institute of Technology | C11: USA | D11: California | E11: 259524 | F11: 0.039 | G11: Private | H11: 8 | I11: 2 | J11: 104 | K11: 7 | L11: 80 | M11: 90.7
A12: 11 | B12: Yale University | C12: USA | D12: Connecticut | E12: 239800 | F12: 0.0435 | G12: Private | H12: 9 | I12: 6 | J12: 36 | K12: 12 | L12: 20 | M12: 0
A13: 12 | B13: University of California, Berkeley | C13: USA | D13: California | E13: 184032 | F13: 0.144 | G13: Public | H13: 10 | I13: 9 | J13: 59 | K13: 5 | L13: 16 | M13: 90.1
... A19: 18 | B19: University of California, Los Angeles | C19: USA | D19: California | E19: 54008 | F19: 0.108 | G19: Public | H19: 15 | I19: 42 | J19: 63 | K19: 17 | L19: 15 | M19: 88.6
A20: 19 | B20: PSL University | C20: France | D20: Paris | E20: 17040 | F20: Not Listed | G20: Public | H20: 1 | I20: 17 | J20: 30 | K20: 107 | L20: 86 | M20: 88.4
A21: 20 | B21: Duke University | C21: USA | D21: North Carolina | E21: 79380 | F21: 0.059 | G21: Private | H21: 16 | I21: 50 | J21: 48 | K21: 19 | L21: 25 | M21: 88.2
A22: 21 | B22: University College London | C22: United Kingdom | D22: London | E22: 101880 | F22: 0.3 | G22: Private | H22: 3 | I22: 33 | J22: 660 | K22: 15 | L22: 5 | M22: 88
A23: 22 | B23: University of Illinois at Urbana–Champaign | C23: USA | D23: Illinois | E23: 127895 | F23: 0.597 | G23: Public | H23: 17 | I23: 18 | J23: 139 | K23: 11 | L23: 73 | M23: 87.8
A24: 23 | B24: New York University | C24: USA | D24: NewYork | E24: 24328 | F24: 0.13 | G24: Private | H24: 18 | I24: 36 | J24: 43 | K24: 43 | L24: 46 | M24: 87.6
A25: 24 | B25: University of Toronto | C25: Canada | D25: Toronto | E25: 20400 | F25: 0.43 | G25: Public | H25: 1 | I25: 207 | J25: 159 | K25: 22 | L25: 3 | M25: 87.5
A26: 25 | B26: University of Washington | C26: USA | D26: Washington | E26: 122560 | F26: 0.535 | G26: Public | H26: 19 | I26: 71 | J26: 231 | K26: 25 | L26: 9 | M26: 87.3
A27: 26 | B27: Kyoto University | C27: Japan | D27: Kyoto | E27: 16400 | F27: 0.11 | G27: Public | H27: 2 | I27: 38 | J27: 33 | K27: 64 | L27: 75 | M27: 87.2
A28: 27 | B28: University of Wisconsin–Madison | C28: USA | D28: Wisconsin | E28: 109672 | F28: 0.49 | G28: Public | H28: 20 | I28: 34 | J28: 100 | K28: 30 | L28: 35 | M28: 87
A29: 28 | B29: McGill University | C29: Canada | D29: Quebec | E29: 44000 | F29: 0.463 | G29: Private | H29: 2 | I29: 25 | J29: 103 | K29: 44 | L29: 45 | M29: 86.9
A30: 29 | B30: ETH Zurich | C30: Switzerland | D30: Zurich | E30: 6080 | F30: 0.27 | G30: Private | H30: 1 | I30: 60 | J30: 89 | K30: 24 | L30: 42 | M30: 86.8
A31: 30 | B31: Imperial College London | C31: United Kingdom | D31: London | E31: 193752 | F31: 0.143 | G31: Private | H31: 4 | I31: 69 | J31: 117 | K31: 53 | L31: 17 | M31: 86.6
A32: 31 | B32: Seoul National University | C32: South Korea | D32: Seoul | E32: 48000 | F32: 0.17 | G32: Public | H32: 1 | I32: 336 | J32: 22 | K32: 150 | L32: 57 | M32: 86.5
... A35: 34 | B35: University of California, San Diego | C35: USA | D35: California | E35: 58800 | F35: 0.342 | G35: Public | H35: 22 | I35: 118 | J35: 1620 | K35: 13 | L35: 19 | M35: 86.1
A36: 35 | B36: University of California, San Francisco | C36: USA | D36: California | E36: 232888 | F36: 0.144 | G36: Public | H36: 23 | I36: - | J36: 1498 | K36: 14 | L36: 26 | M36: 86
A37: 36 | B37: University of Copenhagen | C37: Denmark | D37: Copenhagen | E37: 47200 | F37: 0.37 | G37: Public | H37: 1 | I37: 93 | J37: 383 | K37: 50 | L37: 27 | M37: 85.9
A38: 37 | B38: Karolinska Institute | C38: Sweden | D38: Solna | E38: 83520 | F38: 0.34 | G38: Public | H38: 1 | I38: 40 | J38: - | K38: 32 | L38: 60 | M38: 85.8
A39: 38 | B39: Sorbonne University | C39: France | D39: Paris | E39: 45744 | F39: 1 | G39: Private | H39: 3 | I39: 89 | J39: 309 | K39: 92 | L39: 18 | M39: 85.7
A40: 39 | B40: University of North Carolina at Chapel Hill | C40: USA | D40: North Carolina | E40: 99080 | F40: 0.204 | G40: Public | H40: 24 | I40: 85 | J40: 96 | K40: 78 | L40: 38 | M40: 85.6
A41: 40 | B41: King's College London | C41: United Kingdom | D41: London | E41: 50980 | F41: 0.29 | G41: Private | H41: 5 | I41: 58 | J41: 463 | K41: 29 | L41: 54 | M41: 85.5
A42: 41 | B42: Dartmouth College | C42: USA | D42: New Hampshire | E42: 326004 | F42: 0.062 | G42: Private | H42: 25 | I42: 54 | J42: 18 | K42: 102 | L42: 286 | M42: 85.4
A43: 42 | B43: Paris City University | C43: France | D43: Paris | E43: 47200 | F43: 0.11 | G43: Private | H43: 4 | I43: 240 | J43: 956 | K43: 58 | L43: 21 | M43: 85.3
A44: 43 | B44: Institut Polytechnique de Paris | C44: France | D44: Palaiseau | E44: 68912 | F44: 0.15 | G44: Private | H44: 5 | I44: 100 | J44: 9 | K44: 226 | L44: 344 | M44: 85.2
A45: 44 | B45: Ludwig Maximilian University of Munich | C45: Germany | D45: Munchen | E45: 50980 | F45: 0.1 | G45: Private | H45: 1 | I45: 59 | J45: 249 | K45: 54 | L45: 52 | M45: 85.1
A46: 45 | B46: University of Edinburgh | C46: United Kingdom | D46: Scotland | E46: 50980 | F46: 0.1 | G46: Private | H46: 6 | I46: 55 | J46: 452 | K46: 61 | L46: 49 | M46: 85
A47: 46 | B47: Washington University in St. Louis | C47: USA | D47: Missouri | E47: 247000 | F47: 0.13 | G47: Private | H47: 26 | I47: 133 | J47: 166 | K47: 36 | L47: 47 | M47: 85
A48: 47 | B48: Tsinghua University | C48: China | D48: Tsinghua | E48: 18780 | F48: 0.01 | G48: Public | H48: 1 | I48: 521 | J48: 60 | K48: - | L48: 23 | M48: 84.9
A49: 48 | B49: University of Minnesota | C49: USA | D49: Minnesota | E49: 61016 | F49: 0.73 | G49: Public | H49: 27 | I49: 75 | J49: 308 | K49: 120 | L49: 30 | M49: 84.8
A50: 49 | B50: University of British Columbia | C50: Canada | D50: British Columbia | E50: 98699 | F50: 0.524 | G50: Public | H50: 3 | I50: 107 | J50: 593 | K50: 85 | L50: 32 | M50: 84.7
A51: 50 | B51: University of Southern California | C51: USA | D51: California | E51: 266560 | F51: 0.125 | G51: Private | H51: 28 | I51: 314 | J51: 130 | K51: 28 | L51: 76 | M51: 84.6
A52: 51 | B52: Peking University | C52: China | D52: Beijing | E52: 4650 | F52: 0.15 | G52: Private | H52: 2 | I52: 366 | J52: 65 | K52: - | L52: 28 | M52: 84.5
A53: 52 | B53: Vanderbilt University | C53: USA | D53: Tennessee | E53: 318512 | F53: 0.071 | G53: Private | H53: 29 | I53: 384 | J53: 86 | K53: 65 | L53: 70 | M53: 84.5
A54: 53 | B54: Pennsylvania State University | C54: USA | D54: Pennsylvania | E54: 153080 | F54: 0.51 | G54: Public | H54: 30 | I54: 294 | J54: 161 | K54: 57 | L54: 53 | M54: 84.4
A55: 54 | B55: University of California, Davis | C55: USA | D55: California | E55: 57064 | F55: 0.488 | G55: Public | H55: 31 | I55: 105 | J55: 546 | K55: 62 | L55: 51 | M55: 84.3
A56: 55 | B56: Rockefeller University | C56: USA | D56: New York | E56: 99972 | F56: 0.12 | G56: Private | H56: 32 | I56: 15 | J56: - | K56: 8 | L56: 436 | M56: 84.2
A57: 56 | B57: Free University of Berlin | C57: Germany | D57: Berlin | E57: 0 | F57: 0.15 | G57: Private | H57: 2 | I57: 72 | J57: 1142 | K57: 37 | L57: 78 | M57: 84.2
A58: 57 | B58: Rutgers University | C58: USA | D58: New Jersey | E58: 51600 | F58: 0.68 | G58: Public | H58: 33 | I58: 217 | J58: 138 | K58: 27 | L58: 91 | M58: 84.1
A59: 58 | B59: University of Melbourne | C59: Australia | D59: Melbourne | E59: 85077 | F59: 0.75 | G59: Public | H59: 1 | I59: 137 | J59: 400 | K59: 124 | L59: 33 | M59: 84
A60: 59 | B60: Ohio State University | C60: USA | D60: Ohio | E60: 105964 | F60: 0.53 | G60: Public | H60: 34 | I60: 122 | J60: 269 | K60: 129 | L60: 40 | M60: 84
A61: 60 | B61: University of Manchester | C61: United Kingdom | E61: 50980 | F61: 0.593 | G61: Public | H61: 7 | I61: 87 | J61: 391 | K61: 80 | L61: 55 | M61: 83.9
A62: 61 | B62: Humboldt University of Berlin | C62: Germany | D62: Berlin | E62: 2596 | F62: 0.18 | G62: Public | H62: 3 | I62: 84 | J62: - | K62: 49 | L62: 71 | M62: 83.8
A63: 62 | B63: Texas A&M University | C63: USA | D63: Texas | E63: 126812 | F63: 0.643 | G63: Public | H63: 35 | I63: - | J63: 124 | K63: 70 | L63: 65 | M63: 83.8
A64: 63 | B64: University of Chinese Academy of Sciences | C64: China | D64: Beijing | E64: 9920 | F64: Not Listed | G64: Public | H64: 3 | I64: - | J64: 1253 | K64: - | L64: 12 | M64: 83.7
A65: 64 | B65: University of Zurich | C65: Switzerland | D65: Zurich | E65: 7200 | F65: 0.19 | G65: Public | H65: 2 | I65: 92 | J65: 588 | K65: 55 | L65: 74 | M65: 83.6
A66: 65 | B66: Purdue University | C66: USA | D66: Indiana | E66: 166456 | F66: 0.688 | G66: Public | H66: 36 | I66: 91 | J66: 91 | K66: 72 | L66: 110 | M66: 83.6
A67: 66 | B67: Brown University | C67: USA | D67: Rhode Island, | E67: 60944 | F67: 0.055 | G67: Private | H67: 37 | I67: 76 | J67: 56 | K67: 116 | L67: 134 | M67: 83.5
A68: 67 | B68: Hebrew University of Jerusalem | C68: Israel | D68: Jerusalem | E68: 26000 | F68: 0.34 | G68: Private | H68: 1 | I68: 30 | J68: 380 | K68: 35 | L68: 194 | M68: 83.4
A69: 68 | B69: Georgia Institute of Technology | C69: USA | D69: Georigia | E69: 40778 | F69: 0.16 | G69: Private | H69: 38 | I69: 307 | J69: 174 | K69: 26 | L69: 115 | M69: 83.4
A70: 69 | B70: University of Colorado Boulder | C70: USA | D70: Colorado | E70: 175966 | F70: 0.796 | G70: Private | H70: 39 | I70: 154 | J70: 175 | K70: 48 | L70: 93 | M70: 83.3
A71: 70 | B71: Heidelberg University | C71: Germany | D71: Heidelberg | E71: 32900 | F71: 0.164 | G71: Private | H71: 4 | I71: 131 | J71: 970 | K71: 82 | L71: 59 | M71: 83.3
A72: 71 | B72: University of Virginia | C72: USA | D72: Virginia | E72: 64204 | F72: 0.207 | G72: Private | H72: 40 | I72: 324 | J72: 35 | K72: 176 | L72: 131 | M72: 83.2
A73: 72 | B73: University of Texas Southwestern Medical Center | C73: USA | D73: Texas | E73: 35809 | F73: 0.15 | G73: Public | H73: 41 | I73: 39 | J73: - | K73: 39 | L73: 165 | M73: 83.1
A74: 73 | B74: Utrecht University | C74: Netherlands | D74: Utrecht | E74: 273252 | F74: 0.14 | G74: Public | H74: 1 | I74: 171 | J74: 456 | K74: 159 | L74: 43 | M74: 83.1
A75: 74 | B75: Weizmann Institute of Science | C75: Israel | D75: Weizmann | E75: 14750 | F75: 0.08 | G75: Private | H75: 2 | I75: 21 | J75: - | K75: 46 | L75: 278 | M75: 83
A76: 75 | B76: University of Pittsburgh | C76: USA | D76: Pennsylvania | E76: 58620 | F76: 0.059 | G76: Public | H76: 42 | I76: 234 | J76: 205 | K76: 262 | L76: 34 | M76: 83
A77: 76 | B77: University of Maryland, College Park | C77: USA | D77: Maryland | E77: 23010 | F77: 0.52 | G77: Public | H77: 43 | I77: 115 | J77: 444 | K77: 143 | L77: 67 | M77: 82.9
A78: 77 | B78: University of Alberta | C78: Canada | D78: Alberta | E78: 40000 | F78: 0.58 | G78: Public | H78: 4 | I78: 323 | J78: 467 | K78: 67 | L78: 87 | M78: 82.9
A79: 78 | B79: University of Oslo | C79: Norway | D79: Problemveien | E79: 70 | F79: 0.1 | G79: Public | H79: 1 | I79: 103 | J79: 751 | K79: 77 | L79: 94 | M79: 82.8
A80: 79 | B80: Technical University of Munich | C80: Germany | D80: Munich | E80: 918.12 | F80: 0.08 | G80: Private | H80: 5 | I80: 79 | J80: 356 | K80: 141 | L80: 84 | M80: 82.8
A81: 80 | B81: Shanghai Jiao Tong University | C81: China | D81: Shanghai | E81: 15376 | F81: 0.1 | G81: Public | H81: 4 | I81: - | J81: 162 | K81: - | L81: 36 | M81: 82.7
A82: 81 | B82: University of California, Irvine | C82: USA | D82: California | E82: 13752 | F82: 0.288 | G82: Public | H82: 44 | I82: 385 | J82: 1255 | K82: 31 | L82: 108 | M82: 82.6
A83: 82 | B83: University of Birmingham | C83: United Kingdom | E83: 64192 | F83: 0.1354 | G83: Public | H83: 8 | I83: 49 | J83: 464 | K83: 169 | L83: 106 | M83: 82.6
A84: 83 | B84: University of Amsterdam | C84: Netherlands | E84: 64192 | F84: 0.47 | G84: Public | H84: 2 | I84: 241 | J84: 748 | K84: 197 | L84: 44 | M84: 82.5
A85: 84 | B85: University of Florida | C85: USA | D85: Florida | E85: 28658 | F85: 0.301 | G85: Public | H85: 45 | I85: 322 | J85: 449 | K85: 135 | L85: 61 | M85: 82.5
A86: 85 | B86: National University of Singapore | C86: Singapore | D86: Singapore | E86: 38250 | F86: 0.16 | G86: Public | H86: 1 | I86: 342 | J86: 172 | K86: - | L86: 41 | M86: 82.4
A87: 86 | B87: Carnegie Mellon University | C87: USA | D87: Pennsylvania | E87: 309896 | F87: 0.14 | G87: Private | H87: 46 | I87: 57 | J87: 121 | K87: 38 | L87: 220 | M87: 82.4
A88: 87 | B88: Leiden University | C88: Netherlands | D88: South Holland | E88: 545976 | F88: 0.63 | G88: Public | H88: 3 | I88: 112 | J88: 1093 | K88: 74 | L88: 105 | M88: 82.3
A89: 88 | B89: Uppsala University | C89: Sweden | D89: Uppsala | E89: 48000 | F89: 0.75 | G89: Public | H89: 2 | I89: 140 | J89: 443 | K89: 69 | L89: 104 | M89: 82.3
A90: 89 | B90: University of Gottingen | C90: Germany | D90: Gottingen | E90: 10148 | F90: 0.17 | G90: Public | H90: 6 | I90: 43 | J90: 329 | K90: 105 | L90: 155 | M90: 82.2
A91: 90 | B91: University of California, Santa Barbara | C91: USA | D91: California | E91: 59035 | F91: 0.259 | G91: Public | H91: 47 | I91: 213 | J91: 489 | K91: 20 | L91: 149 | M91: 82.2
A92: 91 | B92: University of Rochester | C92: USA | D92: New York | E92: 63150 | F92: 0.41 | G92: Private | H92: 48 | I92: 64 | J92: 74 | K92: 130 | L92: 172 | M92: 82.2
A93: 92 | B93: Osaka University | C93: Japan | D93: Osaka Prefecture | E93: 19523 | F93: 0.41 | G93: Public | H93: 3 | I93: 141 | J93: 69 | K93: 121 | L93: 135 | M93: 82.1
A94: 93 | B94: University of Arizona | C94: USA | D94: Arizona | E94: 122744 | F94: 0.867 | G94: Public | H94: 49 | I94: 490 | J94: 227 | K94: 73 | L94: 107 | M94: 82.1
A95: 94 | B95: University of Bristol | C95: United Kingdom | D95: England | E95: 12745 | F95: 0.6 | G95: Private | H95: 9 | I95: 185 | J95: 386 | K95: 76 | L95: 101 | M95: 82
A96: 95 | B96: Erasmus University Rotterdam | C96: Netherlands | D96: South Holland | E96: 56640 | F96: 0.48 | G96: Public | H96: 4 | I96: 526 | J96: 72 | K96: 267 | L96: 89 | M96: 82
A97: 96 | B97: National Taiwan University | C97: Taiwan | D97: Taipei | E97: 1682 | F97: 0.35 | G97: Public | H97: 1 | I97: 300 | J97: 42 | K97: - | L97: 125 | M97: 81.9
A98: 97 | B98: Zhejiang University | C98: China | D98: Zhejiang | E98: 18652 | F98: 0.3 | G98: Public | H98: 5 | I98: - | J98: 370 | K98: - | L98: 37 | M98: 81.9
A99: 98 | B99: University of Sydney | C99: Australia | D99: Sydney | E99: 27992 | F99: 0.3 | G99: Public | H99: 2 | I99: 195 | J99: 636 | K99: - | L99: 39 | M99: 81.8
A100: 99 | B100: Boston University | C100: USA | D100: Massachusetts | E100: 63798 | F100: 0.19 | G100: Private | H100: 50 | I100: 420 | J100: 118 | K100: 218 | L100: 77 | M100: 81.8
A101: 100 | B101: Keio University | C101: Japan | D101: Tokyo | E101: 5804 | F101: 0.24 | G101: Private | H101: 4 | I101: 505 | J101: 13 | K101: - | L101: 392 | M101: 81.8
G102: =COUNTIF(G2:G101,"Public") -> 56
C103: =COUNTIF(C2:C101,"USA") -> 50 | F103: =AVERAGE(F2:F101) -> 0.28116224 | G103: =COUNTIF(G2:G101,"Private") -> 44
F104: =AVERAGE(F2:F51) -> 0.2210102
F105: =AVERAGE(F52:F101) -> 0.34131429
D106: =VLOOKUP(96, A2:M101, 2, FALSE) -> National Taiwan University
A120: =VLOOKUP(99, A2:M101, 5, FALSE) -> 63798

Sheet Averages
A1: College Ranking Averages & Mode | L1: =VLOOKUP(1, CollegeRanking!A2:M101, 2, FALSE) -> Harvard University
A2: Key: | B2: AVERAGE | C2: MODE | D2: Quick Insight: The values in the tables below are rounded for readibility, values in the chart are exact.
A3: Group | B3: Tuition | C3: Acceptance Rate | D3: Class | E3: Country Rank | F3: Education Rank | G3: Employability Rank | H3: Faculty Rank | I3: Research Rank | J3: Score | K3: Country | L3: State
A4: Top 50 | B4: =AVERAGE(CollegeRanking!E2:E51) -> 116253.82 | C4: =AVERAGE(CollegeRanking!F2:F51) -> 0.2210102 | D4: Private | E4: =MODE(CollegeRanking!H2:H51) -> 1 | F4: =AVERAGE(CollegeRanking!I2:I51) -> 76.755102 | G4: =AVERAGE(CollegeRanking!J2:J51) -> 203.08163 | H4: =AVERAGE(CollegeRanking!K2:K51) -> 43.734694 | I4: =AVERAGE(CollegeRanking!L2:L51) -> 43.4 | J4: =AVERAGE(CollegeRanking!M2:M51) -> 86.424 | K4: USA: 22 | L4: California: 6
A5: Bottom 50 | B5: =AVERAGE(CollegeRanking!E52:E101) -> 73546.182 | C5: =AVERAGE(CollegeRanking!F52:F101) -> 0.34131429 | D5: Public | E5: =MODE(CollegeRanking!H52:H101) -> 2 | F5: =AVERAGE(CollegeRanking!I52:I101) -> 193.54348 | G5: =AVERAGE(CollegeRanking!J52:J101) -> 379.45652 | H5: =AVERAGE(CollegeRanking!K52:K101) -> 94.642857 | I5: =AVERAGE(CollegeRanking!L52:L101) -> 104.96 | J5: =AVERAGE(CollegeRanking!M52:M101) -> 83.012 | K5: USA: 27 | L5: Pennsylvania: 3
